report_id,user_id,location_lat,location_lon,location_address,fever,diarrhea,vomiting,nausea,abdominal_pain,dehydration,symptom_severity,other_symptoms,report_source,report_timestamp,article_url,confidence
DEMO_3746171381615137998,demo_user,26.1445,91.7362,Assam,False,True,False,False,False,False,1,,news_scraping,2025-09-19 01:40:31.023426,https://demo-news.com/assam-water-contamination,0.8
SYNTH_001,USER_001,24.14277623304749,92.04168529975072,Synthetic Location 1,False,False,False,False,False,False,1,,synthetic,2025-09-02 01:40:31.048560,,0.5
SYNTH_002,USER_002,24.770392803719716,92.39175208239067,Synthetic Location 2,False,False,False,False,False,False,4,,synthetic,2025-09-21 01:40:31.048560,,0.5
SYNTH_003,USER_003,25.432676842915004,92.49171048981195,Synthetic Location 3,True,False,False,True,False,False,2,,synthetic,2025-09-16 01:40:31.048560,,0.5
SYNTH_004,USER_004,26.965939500633603,92.21478412322725,Synthetic Location 4,False,False,True,False,False,False,5,,synthetic,2025-08-30 01:40:31.048560,,0.5
SYNTH_005,USER_005,24.913519535792037,92.21583986451402,Synthetic Location 5,True,False,False,False,False,False,2,,synthetic,2025-09-04 01:40:31.048560,,0.5
SYNTH_006,USER_006,26.905083449235814,90.4476716774697,Synthetic Location 6,True,False,False,False,False,False,2,,synthetic,2025-09-15 01:40:31.048560,,0.5
SYNTH_007,USER_007,25.489101690945535,93.67382889932031,Synthetic Location 7,False,True,True,False,False,False,4,,synthetic,2025-09-10 01:40:31.049571,,0.5
SYNTH_008,USER_008,26.977791979258793,91.71192547457619,Synthetic Location 8,False,True,False,False,False,True,3,,synthetic,2025-09-03 01:40:31.049571,,0.5
SYNTH_009,USER_009,25.97306359247731,93.4239521849197,Synthetic Location 9,True,True,False,True,False,False,2,,synthetic,2025-09-08 01:40:31.049571,,0.5
SYNTH_010,USER_010,27.141553836088725,92.46641104868137,Synthetic Location 10,False,True,False,False,False,False,4,,synthetic,2025-08-23 01:40:31.049571,,0.5
SYNTH_011,USER_011,25.997445427112538,93.91962571512796,Synthetic Location 11,False,False,False,False,False,False,2,,synthetic,2025-09-03 01:40:31.049571,,0.5
SYNTH_012,USER_012,25.417085556277904,92.5430719379906,Synthetic Location 12,True,False,True,False,False,True,5,,synthetic,2025-09-15 01:40:31.049571,,0.5
SYNTH_013,USER_013,25.273450587949558,91.73307215290629,Synthetic Location 13,True,True,False,True,False,False,3,,synthetic,2025-09-07 01:40:31.049571,,0.5
SYNTH_014,USER_014,27.30230658181464,90.46524357328343,Synthetic Location 14,False,True,False,False,False,False,2,,synthetic,2025-08-27 01:40:31.049571,,0.5
SYNTH_015,USER_015,27.986247027376326,92.6953579458996,Synthetic Location 15,True,False,False,True,False,False,5,,synthetic,2025-09-18 01:40:31.049571,,0.5
SYNTH_016,USER_016,25.648806584280663,92.01221774505842,Synthetic Location 16,True,False,False,False,False,False,5,,synthetic,2025-08-24 01:40:31.049571,,0.5
SYNTH_017,USER_017,24.702744292058554,91.88622672254145,Synthetic Location 17,False,True,False,False,False,False,5,,synthetic,2025-09-16 01:40:31.049571,,0.5
SYNTH_018,USER_018,24.47399050072942,91.99499378603284,Synthetic Location 18,False,False,True,False,False,False,1,,synthetic,2025-09-20 01:40:31.049571,,0.5
SYNTH_019,USER_019,26.23455452012588,91.12950470337945,Synthetic Location 19,False,True,True,False,False,False,1,,synthetic,2025-09-11 01:40:31.050569,,0.5
SYNTH_020,USER_020,24.12205783807947,92.02129193028819,Synthetic Location 20,False,False,False,False,False,False,3,,synthetic,2025-09-06 01:40:31.050569,,0.5
SYNTH_021,USER_021,24.64337688307486,91.34774806941357,Synthetic Location 21,False,True,True,True,True,False,4,,synthetic,2025-08-28 01:40:31.050569,,0.5
SYNTH_022,USER_022,24.904136639952455,93.21381555518936,Synthetic Location 22,True,False,False,True,False,False,4,,synthetic,2025-09-02 01:40:31.050919,,0.5
SYNTH_023,USER_023,25.727925923757777,90.95726328219963,Synthetic Location 23,False,False,True,False,False,False,4,,synthetic,2025-08-23 01:40:31.050919,,0.5
SYNTH_024,USER_024,27.2629635458935,91.52420494242442,Synthetic Location 24,True,False,False,True,True,False,1,,synthetic,2025-09-17 01:40:31.050919,,0.5
SYNTH_025,USER_025,27.260075775318075,91.90585143422776,Synthetic Location 25,False,False,False,False,False,False,3,,synthetic,2025-09-16 01:40:31.050919,,0.5
SYNTH_026,USER_026,24.830605692285165,92.03953845147531,Synthetic Location 26,False,False,True,False,False,False,5,,synthetic,2025-09-04 01:40:31.050919,,0.5
SYNTH_027,USER_027,27.258054497127983,90.16924934672411,Synthetic Location 27,False,False,False,False,False,False,2,,synthetic,2025-09-02 01:40:31.050919,,0.5
SYNTH_028,USER_028,25.247798754665425,93.83411983216415,Synthetic Location 28,True,True,False,False,False,False,5,,synthetic,2025-09-11 01:40:31.050919,,0.5
SYNTH_029,USER_029,24.97573269880634,91.61520037089285,Synthetic Location 29,False,False,False,False,True,False,5,,synthetic,2025-08-26 01:40:31.051494,,0.5
SYNTH_030,USER_030,24.450885341337575,90.83906562152025,Synthetic Location 30,True,True,False,False,False,False,1,,synthetic,2025-08-27 01:40:31.051494,,0.5
SYNTH_031,USER_031,24.975671551939023,90.58012454885565,Synthetic Location 31,False,True,False,False,True,False,1,,synthetic,2025-09-21 01:40:31.051494,,0.5
SYNTH_032,USER_032,24.226608257868858,90.43351743796838,Synthetic Location 32,True,False,True,False,False,False,2,,synthetic,2025-08-25 01:40:31.051494,,0.5
SYNTH_033,USER_033,25.65194992708419,91.27901214882152,Synthetic Location 33,True,False,False,False,True,False,5,,synthetic,2025-09-12 01:40:31.051494,,0.5
SYNTH_034,USER_034,26.262111602243934,92.12475321213056,Synthetic Location 34,True,False,False,True,False,False,2,,synthetic,2025-09-18 01:40:31.051494,,0.5
SYNTH_035,USER_035,27.242096147561774,91.83790007016101,Synthetic Location 35,True,False,False,False,False,False,5,,synthetic,2025-08-26 01:40:31.051494,,0.5
SYNTH_036,USER_036,27.17190496040196,93.93948660856331,Synthetic Location 36,False,False,False,False,False,False,2,,synthetic,2025-08-25 01:40:31.051494,,0.5
SYNTH_037,USER_037,27.797496629807878,90.36822221429641,Synthetic Location 37,False,True,False,True,True,False,1,,synthetic,2025-09-08 01:40:31.051494,,0.5
SYNTH_038,USER_038,24.53176684428071,93.96206752099106,Synthetic Location 38,False,False,False,False,True,False,4,,synthetic,2025-09-09 01:40:31.051494,,0.5
SYNTH_039,USER_039,26.95997551941436,92.38445697550141,Synthetic Location 39,False,True,False,False,False,False,5,,synthetic,2025-09-05 01:40:31.051494,,0.5
SYNTH_040,USER_040,25.10291932127014,92.50460765381294,Synthetic Location 40,False,False,False,False,True,False,5,,synthetic,2025-09-13 01:40:31.051494,,0.5
SYNTH_041,USER_041,25.08596425549486,91.08884644892072,Synthetic Location 41,False,False,True,False,True,True,3,,synthetic,2025-09-18 01:40:31.051494,,0.5
SYNTH_042,USER_042,26.65841747916766,91.15355402947988,Synthetic Location 42,False,False,False,False,False,False,2,,synthetic,2025-09-21 01:40:31.051494,,0.5
SYNTH_043,USER_043,27.182438390240375,90.97250476623697,Synthetic Location 43,False,True,False,False,False,False,4,,synthetic,2025-09-05 01:40:31.052519,,0.5
SYNTH_044,USER_044,24.846133214506597,92.51622050400765,Synthetic Location 44,True,False,True,True,False,False,2,,synthetic,2025-09-15 01:40:31.052519,,0.5
SYNTH_045,USER_045,25.10013236048185,92.28188821224481,Synthetic Location 45,False,False,False,False,False,True,4,,synthetic,2025-09-12 01:40:31.052519,,0.5
SYNTH_046,USER_046,25.32439291887942,90.35296753834449,Synthetic Location 46,True,False,False,False,False,False,4,,synthetic,2025-09-14 01:40:31.052519,,0.5
SYNTH_047,USER_047,26.667105421259233,91.1110227317169,Synthetic Location 47,True,False,False,False,True,False,3,,synthetic,2025-09-04 01:40:31.052519,,0.5
SYNTH_048,USER_048,27.023377862826358,91.61979561128463,Synthetic Location 48,True,False,False,True,False,False,5,,synthetic,2025-09-01 01:40:31.052519,,0.5
SYNTH_049,USER_049,25.948079295683574,92.31160212085541,Synthetic Location 49,False,True,False,True,False,False,3,,synthetic,2025-09-17 01:40:31.052519,,0.5
SYNTH_050,USER_050,27.97960315391203,90.14933745286824,Synthetic Location 50,False,False,False,False,True,False,5,,synthetic,2025-09-03 01:40:31.052519,,0.5
